Woche,Geschäftsnr,Betreff,Ergebnis,Konfidenz,PDF
15.07.2026,HG260010,Gegendarstellung,,0.0,https://www.gerichte-zh.ch/fileadmin/user_upload/entscheide/oeffentlich/HG260010-O4.pdf
15.07.2026,LB250018,Forderung Berufung gegen ein Urteil des Bezirksgerichtes Winterthur im ordentlic,,0.0,https://www.gerichte-zh.ch/fileadmin/user_upload/entscheide/oeffentlich/LB250018-O12.pdf
15.07.2026,AH250005,arbeitsrechtliche Forderung,,0.0,https://www.gerichte-zh.ch/fileadmin/user_upload/entscheide/oeffentlich/AH250005-G3.pdf
15.07.2026,AH250007,arbeitsrechtliche Forderung,,0.0,https://www.gerichte-zh.ch/fileadmin/user_upload/entscheide/oeffentlich/AH250007-G2.pdf
15.07.2026,LF260047,Organisationsmangel Berufung gegen ein Urteil des Einzelgerichtes im summarische,,0.0,https://www.gerichte-zh.ch/fileadmin/user_upload/entscheide/oeffentlich/LF260047-O2.pdf
15.07.2026,PS260177,Konkurseröffnung Beschwerde gegen ein Urteil des Konkursgerichtes des Bezirksger,,0.0,https://www.gerichte-zh.ch/fileadmin/user_upload/entscheide/oeffentlich/PS260177-O2.pdf
15.07.2026,PQ260024,Kindesschutzmassnahmen Beschwerde gegen ein Urteil des Bezirksrates Bülach vom 1,,0.0,https://www.gerichte-zh.ch/fileadmin/user_upload/entscheide/oeffentlich/PQ260024-O2.pdf
15.07.2026,PS260134,Konkurseröffnung Beschwerde gegen ein Urteil des Konkursgerichtes des Bezirksger,,0.0,https://www.gerichte-zh.ch/fileadmin/user_upload/entscheide/oeffentlich/PS260134-O2.pdf
15.07.2026,EE250013,Eheschutz,,0.0,https://www.gerichte-zh.ch/fileadmin/user_upload/entscheide/oeffentlich/EE250013-G3.pdf
15.07.2026,PS260118,Konkurseröffnung Beschwerde gegen ein Urteil des Einzelgerichtes in Konkurssache,,0.0,https://www.gerichte-zh.ch/fileadmin/user_upload/entscheide/oeffentlich/PS260118-O2.pdf
15.07.2026,LC250032,Ehescheidung Berufung gegen ein Urteil des Einzelgerichtes in Zivil- und Strafsa,,0.0,https://www.gerichte-zh.ch/fileadmin/user_upload/entscheide/oeffentlich/LC250032-O1.pdf
15.07.2026,VB260007,Aufsichtsbeschwerde gegen das Bezirksgericht Meilen etc.,,0.0,https://www.gerichte-zh.ch/fileadmin/user_upload/entscheide/oeffentlich/VB260007-O2.pdf
15.07.2026,EK260469,Konkurseröffnung (Betr. 1 / KA …),,0.0,https://www.gerichte-zh.ch/fileadmin/user_upload/entscheide/oeffentlich/EK260469-L1.pdf
15.07.2026,EK260714,Überschuldungsanzeige,,0.0,https://www.gerichte-zh.ch/fileadmin/user_upload/entscheide/oeffentlich/EK260714-L1.pdf
15.07.2026,LY230048,Ehescheidung (vorsorgliche Massnahmen) Berufung gegen eine Verfügung des Einzelg,,0.0,https://www.gerichte-zh.ch/fileadmin/user_upload/entscheide/oeffentlich/LY230048-O22.pdf
15.07.2026,VV260004,Umteilung Prozess Nr. MO260030-F des Bezirksgerichts Horgen in Sachen A._____ un,,0.0,https://www.gerichte-zh.ch/fileadmin/user_upload/entscheide/oeffentlich/VV260004-O2.pdf
15.07.2026,VV260005,Umteilung Prozess Nr. FE260028-... des Bezirksgerichts C._____ in Sachen A._____,,0.0,https://www.gerichte-zh.ch/fileadmin/user_upload/entscheide/oeffentlich/VV260005-O2.pdf
15.07.2026,GG260004,Verbrechen gegen das Betäubungsmittelgesetzes (abgekürztes Verfahren),,0.0,https://www.gerichte-zh.ch/fileadmin/user_upload/entscheide/oeffentlich/GG260004-F1.pdf
15.07.2026,LC260004,Abänderung des Scheidungsurteils Berufung gegen einen Entscheid der 5. Abteilung,,0.0,https://www.gerichte-zh.ch/fileadmin/user_upload/entscheide/oeffentlich/LC260004-O1.pdf
15.07.2026,EE250053,Eheschutz,,0.0,https://www.gerichte-zh.ch/fileadmin/user_upload/entscheide/oeffentlich/EE250053-F1.pdf
15.07.2026,UE250304,Nichtanhandnahme Beschwerde gegen die Nichtanhandnahmeverfügung der Staatsanwalt,,0.0,https://www.gerichte-zh.ch/fileadmin/user_upload/entscheide/oeffentlich/UE250304-O3.pdf
15.07.2026,EE250078,Eheschutz,,0.0,https://www.gerichte-zh.ch/fileadmin/user_upload/entscheide/oeffentlich/EE250078-F1.pdf
15.07.2026,FP260003,Abänderung des Scheidungsurteils,,0.0,https://www.gerichte-zh.ch/fileadmin/user_upload/entscheide/oeffentlich/FP260003-F2.pdf
15.07.2026,FE250249,Ehescheidung,,0.0,https://www.gerichte-zh.ch/fileadmin/user_upload/entscheide/oeffentlich/FE250249-F1.pdf
15.07.2026,FP240017,Abänderung des Scheidungsurteils,,0.0,https://www.gerichte-zh.ch/fileadmin/user_upload/entscheide/oeffentlich/FP240017-F5.pdf
15.07.2026,AH250053,Forderung / Zeugnisänderung,,0.0,https://www.gerichte-zh.ch/fileadmin/user_upload/entscheide/oeffentlich/AH250053-L3.pdf
15.07.2026,DG250022,"Freiheitsberaubung und Entführung etc. Privatkläger 1. B._____, 2. C._____, 3. D",,0.0,https://www.gerichte-zh.ch/fileadmin/user_upload/entscheide/oeffentlich/DG250022-I9.pdf
15.07.2026,FE250221,Ehescheidung,,0.0,https://www.gerichte-zh.ch/fileadmin/user_upload/entscheide/oeffentlich/FE250221-F1.pdf
15.07.2026,AH250111,Forderung,,0.0,https://www.gerichte-zh.ch/fileadmin/user_upload/entscheide/oeffentlich/AH250111-L1.pdf
15.07.2026,FK250025,Anfechtung der Vaterschaft,,0.0,https://www.gerichte-zh.ch/fileadmin/user_upload/entscheide/oeffentlich/FK250025-F1.pdf
15.07.2026,FK240004,Vaterschaft und Unterhalt,,0.0,https://www.gerichte-zh.ch/fileadmin/user_upload/entscheide/oeffentlich/FK240004-F8.pdf
15.07.2026,DH250040,qualifizierte Widerhandlung gegen das Betäubungsmittelgesetz,,0.0,https://www.gerichte-zh.ch/fileadmin/user_upload/entscheide/oeffentlich/DH250040-K1.pdf
15.07.2026,FV230114,Nachbarrecht / Baum-Rückschnitt,,0.0,https://www.gerichte-zh.ch/fileadmin/user_upload/entscheide/oeffentlich/FV230114-L9.pdf
15.07.2026,FE250183,Ehescheidung,,0.0,https://www.gerichte-zh.ch/fileadmin/user_upload/entscheide/oeffentlich/FE250183-F4.pdf
15.07.2026,FK240028,Abänderung Unterhalt,,0.0,https://www.gerichte-zh.ch/fileadmin/user_upload/entscheide/oeffentlich/FK240028-D3.pdf
15.07.2026,EE250022,Eheschutzmassnahmen,,0.0,https://www.gerichte-zh.ch/fileadmin/user_upload/entscheide/oeffentlich/EE250022-E5.pdf
15.07.2026,FV240009,Forderung,,0.0,https://www.gerichte-zh.ch/fileadmin/user_upload/entscheide/oeffentlich/FV240009-H2.pdf
15.07.2026,CP180005,Herausgabe/Herabsetzung,,0.0,https://www.gerichte-zh.ch/fileadmin/user_upload/entscheide/oeffentlich/CP180005-E20.pdf
15.07.2026,LC250027,Ehescheidung,,0.0,https://www.gerichte-zh.ch/fileadmin/user_upload/entscheide/oeffentlich/LC250027-O1.pdf
15.07.2026,FV250006,Forderung,,0.0,https://www.gerichte-zh.ch/fileadmin/user_upload/entscheide/oeffentlich/FV250006-E4.pdf
15.07.2026,FE160182,Ehescheidung (Art. 114 ZGB),,0.0,https://www.gerichte-zh.ch/fileadmin/user_upload/entscheide/oeffentlich/FE160182-G15.pdf
15.07.2026,FE240576,Ehescheidung,,0.0,https://www.gerichte-zh.ch/fileadmin/user_upload/entscheide/oeffentlich/FE240576-L1.pdf
15.07.2026,FK220142,"(Abänderung) Unterhalt, Obhut und Betreuungsanteile",,0.0,https://www.gerichte-zh.ch/fileadmin/user_upload/entscheide/oeffentlich/FK220142-L16.pdf
15.07.2026,GC240119,Übertretung von Verkehrsvorschriften,,0.0,https://www.gerichte-zh.ch/fileadmin/user_upload/entscheide/oeffentlich/GC240119-L1.pdf
08.07.2026,PS260033,Bestimmung des weiteren Verfahrens (Art. 132 Abs. 1 SchKG i.V.m. Art. 10 VVAG),,0.0,https://www.gerichte-zh.ch/fileadmin/user_upload/entscheide/oeffentlich/PS260033-O3.pdf
08.07.2026,PS260041,Pfändungsankündigung vom 24. September 2025 / Betreibung Nr. 1 (Beschwerde über ,,0.0,https://www.gerichte-zh.ch/fileadmin/user_upload/entscheide/oeffentlich/PS260041-O1.pdf
08.07.2026,PS260051,Requisition Nr. 1 usw. / Aufsichtsbeschwerde (Beschwerde über die Betreibungsämt,,0.0,https://www.gerichte-zh.ch/fileadmin/user_upload/entscheide/oeffentlich/PS260051-O1.pdf
08.07.2026,SB250367,qualifizierte Widerhandlung gegen das Betäubungsmittelgesetz etc. und Widerruf B,,0.0,https://www.gerichte-zh.ch/fileadmin/user_upload/entscheide/oeffentlich/SB250367-O1.pdf
08.07.2026,SB250043,mehrfache qualifizierte Widerhandlung gegen das Betäubungsmit- telgesetz etc. un,,0.0,https://www.gerichte-zh.ch/fileadmin/user_upload/entscheide/oeffentlich/SB250043-O1.pdf
08.07.2026,LF260013,Einberufung der Gesellschafterversammlung,,0.0,https://www.gerichte-zh.ch/fileadmin/user_upload/entscheide/oeffentlich/LF260013-O2.pdf
08.07.2026,PC250015,Honorar Beschwerde gegen eine Verfügung des Einzelgerichtes des Bezirksgerichtes,,0.0,https://www.gerichte-zh.ch/fileadmin/user_upload/entscheide/oeffentlich/PC250015-O2.pdf
08.07.2026,PQ260018,Kosten Beschwerde gegen einen Beschluss des Bezirksrates Winterthur vom 20. Febr,,0.0,https://www.gerichte-zh.ch/fileadmin/user_upload/entscheide/oeffentlich/PQ260018-O1.pdf
08.07.2026,RT250257,Rechtsöffnung Beschwerde gegen eine Verfügung des Einzelgerichts Audienz am Bezi,,0.0,https://www.gerichte-zh.ch/fileadmin/user_upload/entscheide/oeffentlich/RT250257-O5.pdf
08.07.2026,RT260015,Rechtsöffnung Beschwerde gegen einen Entscheid des Einzelgerichts Audienz am Bez,,0.0,https://www.gerichte-zh.ch/fileadmin/user_upload/entscheide/oeffentlich/RT260015-O3.pdf
08.07.2026,RT260016,Rechtsöffnung Beschwerde gegen einen Entscheid des Einzelgerichts Audienz am Bez,,0.0,https://www.gerichte-zh.ch/fileadmin/user_upload/entscheide/oeffentlich/RT260016-O3.pdf
08.07.2026,PS260081,Konkurseröffnung / Nichtigkeit Urteil des Einzelgerichtes im summarischen Verfah,,0.0,https://www.gerichte-zh.ch/fileadmin/user_upload/entscheide/oeffentlich/PS260081-O2.pdf
08.07.2026,PS260083,Konkurseröffnung Beschwerde gegen ein Urteil des Einzelgerichtes des Bezirksgeri,,0.0,https://www.gerichte-zh.ch/fileadmin/user_upload/entscheide/oeffentlich/PS260083-O2.pdf
08.07.2026,PD250013,Anfechtung der Kündigung / Kostenbeschwerde Beschwerde gegen einen Beschluss des,,0.0,https://www.gerichte-zh.ch/fileadmin/user_upload/entscheide/oeffentlich/PD250013-O2.pdf
08.07.2026,LF250105,"Testamentseröffnung im Nachlass von L._____, geboren tt. Januar 1939, von M.____",,0.0,https://www.gerichte-zh.ch/fileadmin/user_upload/entscheide/oeffentlich/LF250105-O3.pdf
08.07.2026,SB250127,gewerbsmässigen Betrug etc. Berufung gegen ein Urteil des Bezirksgerichtes Bülac,,0.0,https://www.gerichte-zh.ch/fileadmin/user_upload/entscheide/oeffentlich/SB250127-O1.pdf
08.07.2026,PS260088,Konkurseröffnung Beschwerde gegen ein Urteil des Konkursgerichtes des Bezirksger,,0.0,https://www.gerichte-zh.ch/fileadmin/user_upload/entscheide/oeffentlich/PS260088-O2.pdf
08.07.2026,SB250199,qualifizierte Widerhandlung gegen das Betäubungsmittelgesetz und Widerruf Berufu,,0.0,https://www.gerichte-zh.ch/fileadmin/user_upload/entscheide/oeffentlich/SB250199-O1.pdf
08.07.2026,LY250003,Ehescheidung (vorsorgliche Massnahmen) Berufungen gegen eine Verfügung des Einze,,0.0,https://www.gerichte-zh.ch/fileadmin/user_upload/entscheide/oeffentlich/LY250003-O20.pdf
08.07.2026,LZ250043,Kinderbelange (vorsorgliche Massnahmen) Berufung gegen eine Verfügung des Einzel,,0.0,https://www.gerichte-zh.ch/fileadmin/user_upload/entscheide/oeffentlich/LZ250043-O8.pdf
08.07.2026,LC240035,Ehescheidung Berufung und Anschlussberufung gegen ein Urteil des Einzelgerichts ,,0.0,https://www.gerichte-zh.ch/fileadmin/user_upload/entscheide/oeffentlich/LC240035-O4.pdf
08.07.2026,LF250118,Organisationsmangel Berufung gegen ein Urteil des Einzelgerichtes des Bezirksger,,0.0,https://www.gerichte-zh.ch/fileadmin/user_upload/entscheide/oeffentlich/LF250118-O2.pdf
08.07.2026,LE250002,Eheschutz Berufungen gegen ein Urteil des Einzelgerichts am Bezirksgericht Uster,,0.0,https://www.gerichte-zh.ch/fileadmin/user_upload/entscheide/oeffentlich/LE250002-O13.pdf
08.07.2026,LB240026,Aberkennung Berufung gegen ein Urteil des Bezirksgerichtes Winterthur vom 10. Ma,,0.0,https://www.gerichte-zh.ch/fileadmin/user_upload/entscheide/oeffentlich/LB240026-O6.pdf
08.07.2026,PS250398,Konkurseröffnung Beschwerde gegen ein Urteil des Einzelgerichtes des Bezirksgeri,,0.0,https://www.gerichte-zh.ch/fileadmin/user_upload/entscheide/oeffentlich/PS250398-O2.pdf
08.07.2026,SB250045,versuchte vorsätzliche Tötung etc. und Widerruf (Rückweisung des Schweizerischen,,0.0,https://www.gerichte-zh.ch/fileadmin/user_upload/entscheide/oeffentlich/SB250045-O1.pdf
08.07.2026,LE240043,"Eheschutz Berufung gegen ein Urteil des Einzelgerichts am Bezirksgericht Zürich,",,0.0,https://www.gerichte-zh.ch/fileadmin/user_upload/entscheide/oeffentlich/LE240043-O15.pdf
01.07.2026,AH250027,Forderung,,0.0,https://www.gerichte-zh.ch/fileadmin/user_upload/entscheide/oeffentlich/AH250027-K3.pdf
01.07.2026,PS260113,Konkurseröffnung Beschwerde gegen ein Urteil des Einzelgerichtes des Bezirksgeri,,0.0,https://www.gerichte-zh.ch/fileadmin/user_upload/entscheide/oeffentlich/PS260113-O2.pdf
01.07.2026,HE260006,Bauhandwerkerpfandrecht,,0.0,https://www.gerichte-zh.ch/fileadmin/user_upload/entscheide/oeffentlich/HE260006-O4.pdf
01.07.2026,EE250046,Eheschutz,,0.0,https://www.gerichte-zh.ch/fileadmin/user_upload/entscheide/oeffentlich/EE250046-G12.pdf
01.07.2026,FE220334,Ehescheidung,,0.0,https://www.gerichte-zh.ch/fileadmin/user_upload/entscheide/oeffentlich/FE220334-C25.pdf
01.07.2026,LF260007,Ausweisung Berufung gegen ein Urteil des Einzelgerichtes im summarischen Verfahr,,0.0,https://www.gerichte-zh.ch/fileadmin/user_upload/entscheide/oeffentlich/LF260007-O2.pdf
01.07.2026,PS260114,Konkurseröffnung Beschwerde gegen ein Urteil des Einzelgerichtes im summarischen,,0.0,https://www.gerichte-zh.ch/fileadmin/user_upload/entscheide/oeffentlich/PS260114-O2.pdf
01.07.2026,PS260079,Konkurseröffnung Beschwerde gegen ein Urteil des Konkursgerichtes des Bezirksger,,0.0,https://www.gerichte-zh.ch/fileadmin/user_upload/entscheide/oeffentlich/PS260079-O2.pdf
01.07.2026,PS260060,Konkurseröffnung Beschwerde gegen ein Urteil des Konkursgerichtes des Bezirksger,,0.0,https://www.gerichte-zh.ch/fileadmin/user_upload/entscheide/oeffentlich/PS260060-O2.pdf
01.07.2026,LC250036,Ehescheidung,,0.0,https://www.gerichte-zh.ch/fileadmin/user_upload/entscheide/oeffentlich/LC250036-O4.pdf
01.07.2026,AN230018,arbeitsrechtliche Forderung,,0.0,https://www.gerichte-zh.ch/fileadmin/user_upload/entscheide/oeffentlich/AN230018-C6.pdf
01.07.2026,AH250010,fristlose Entlassung / Lohnforderung,,0.0,https://www.gerichte-zh.ch/fileadmin/user_upload/entscheide/oeffentlich/AH250010-K5.pdf
01.07.2026,PS260039,Kostenvorschussverfügung vom 5. November 2025 / Betreibungs- Nr: ... (Beschwerde,,0.0,https://www.gerichte-zh.ch/fileadmin/user_upload/entscheide/oeffentlich/PS260039-O1.pdf
01.07.2026,LF250080,Bereinigung des Zivilstandsregisters Berufung gegen eine Verfügung des Einzelger,,0.0,https://www.gerichte-zh.ch/fileadmin/user_upload/entscheide/oeffentlich/LF250080-O2.pdf
01.07.2026,LE260004,Eheschutz Berufung gegen ein Teilurteil des Einzelgerichts am Bezirksgericht Hor,,0.0,https://www.gerichte-zh.ch/fileadmin/user_upload/entscheide/oeffentlich/LE260004-O2.pdf
01.07.2026,LE250001,Eheschutz Berufung gegen ein Urteil des Einzelgerichts im summarischen Verfahren,,0.0,https://www.gerichte-zh.ch/fileadmin/user_upload/entscheide/oeffentlich/LE250001-O11.pdf
01.07.2026,SB250103,fahrlässige Tötung etc.,,0.0,https://www.gerichte-zh.ch/fileadmin/user_upload/entscheide/oeffentlich/SB250103-O1.pdf
01.07.2026,SB250191,qualifiziert grobe Verletzung der Verkehrsregeln etc. Berufung gegen ein Urteil ,,0.0,https://www.gerichte-zh.ch/fileadmin/user_upload/entscheide/oeffentlich/SB250191-O1.pdf
01.07.2026,FE250086,gemeinsames Scheidungsbegehren mit teilweiser Einigung,,0.0,https://www.gerichte-zh.ch/fileadmin/user_upload/entscheide/oeffentlich/FE250086-A3.pdf
01.07.2026,DH250157,Qualifiziert grobe Verletzung der Verkehrsregeln,,0.0,https://www.gerichte-zh.ch/fileadmin/user_upload/entscheide/oeffentlich/DH250157-L1.pdf
01.07.2026,FE210183,Ehescheidung,,0.0,https://www.gerichte-zh.ch/fileadmin/user_upload/entscheide/oeffentlich/FE210183-K48.pdf
01.07.2026,MO250083,Forderung aus Mietverhältnis,,0.0,https://www.gerichte-zh.ch/fileadmin/user_upload/entscheide/oeffentlich/MO250083-H1.pdf
01.07.2026,AH250001,arbeitsrechtliche Forderung,,0.0,https://www.gerichte-zh.ch/fileadmin/user_upload/entscheide/oeffentlich/AH250001-G3.pdf
01.07.2026,SB240427,mehrfache fahrlässige Tötung etc. Berufung gegen ein Urteil des Bezirksgerichtes,,0.0,https://www.gerichte-zh.ch/fileadmin/user_upload/entscheide/oeffentlich/SB240427-O1.pdf
01.07.2026,EE250078,Eheschutzmassnahmen,,0.0,https://www.gerichte-zh.ch/fileadmin/user_upload/entscheide/oeffentlich/EE250078-K2.pdf
01.07.2026,GG250019,"Fahrlässige Körperverletzung, Drohung (Untersuchungsnr. …) Privatkläger B._____,",,0.0,https://www.gerichte-zh.ch/fileadmin/user_upload/entscheide/oeffentlich/GG250019-G5.pdf
01.07.2026,GG250027,Qualifiziert grobe Verletzung der Verkehrsregeln,,0.0,https://www.gerichte-zh.ch/fileadmin/user_upload/entscheide/oeffentlich/GG250027-D4.pdf
01.07.2026,EE240038,Eheschutz,,0.0,https://www.gerichte-zh.ch/fileadmin/user_upload/entscheide/oeffentlich/EE240038-F2.pdf
01.07.2026,FK240121,Unterhalt,,0.0,https://www.gerichte-zh.ch/fileadmin/user_upload/entscheide/oeffentlich/FK240121-L2.pdf
01.07.2026,FP240133,Ergänzung eines ausländischen Scheidungsurteils,,0.0,https://www.gerichte-zh.ch/fileadmin/user_upload/entscheide/oeffentlich/FP240133-L5.pdf
01.07.2026,FK250001,Unterhalt und weitere Kinderbelange,,0.0,https://www.gerichte-zh.ch/fileadmin/user_upload/entscheide/oeffentlich/FK250001-L2.pdf
01.07.2026,EE240057,Eheschutz,,0.0,https://www.gerichte-zh.ch/fileadmin/user_upload/entscheide/oeffentlich/EE240057-G4.pdf
24.06.2026,GG260020,"Diebstahl etc. Privatkläger B._____, Unter Hinweis auf die Anklageschrift der St",,0.0,https://www.gerichte-zh.ch/fileadmin/user_upload/entscheide/oeffentlich/GG260020-C2.pdf
24.06.2026,LA260016,arbeitsrechtliche Forderung Berufung gegen ein Urteil des Einzelgerichts am Arbe,,0.0,https://www.gerichte-zh.ch/fileadmin/user_upload/entscheide/oeffentlich/LA260016-O2.pdf
24.06.2026,FP250036,Abänderung Scheidungsurteil,,0.0,https://www.gerichte-zh.ch/fileadmin/user_upload/entscheide/oeffentlich/FP250036-C3.pdf
24.06.2026,AH260001,arbeitsrechtliche Forderung,,0.0,https://www.gerichte-zh.ch/fileadmin/user_upload/entscheide/oeffentlich/AH260001-C1.pdf
24.06.2026,AH240042,arbeitsrechtliche Forderung,,0.0,https://www.gerichte-zh.ch/fileadmin/user_upload/entscheide/oeffentlich/AH240042-C2.pdf
24.06.2026,FE240040,Ehescheidung / Scheidung auf gemeinsames Begehren,,0.0,https://www.gerichte-zh.ch/fileadmin/user_upload/entscheide/oeffentlich/FE240040-B4.pdf
17.06.2026,PS260110,Konkurseröffnung Beschwerde gegen ein Urteil des Konkursgerichtes des Bezirksger,,0.0,https://www.gerichte-zh.ch/fileadmin/user_upload/entscheide/oeffentlich/PS260110-O3.pdf
17.06.2026,PQ260027,Kontaktrecht / Ermahnung,,0.0,https://www.gerichte-zh.ch/fileadmin/user_upload/entscheide/oeffentlich/PQ260027-O1.pdf
17.06.2026,GC260005,Einsprache gegen den Strafbefehl Nr. … des Statthalteramtes Bezirk Meilen vom 11,,0.0,https://www.gerichte-zh.ch/fileadmin/user_upload/entscheide/oeffentlich/GC260005-G1.pdf
17.06.2026,RT260017,Rechtsöffnung Beschwerde gegen eine Verfügung des Einzelgerichts Audienz am Bezi,,0.0,https://www.gerichte-zh.ch/fileadmin/user_upload/entscheide/oeffentlich/RT260017-O3.pdf
17.06.2026,GG260008,"Verleumdung etc. (Untersuchungsnr. …) Privatkläger 1. B._____, 2. C._____, 2 ver",,0.0,https://www.gerichte-zh.ch/fileadmin/user_upload/entscheide/oeffentlich/GG260008-G1.pdf
17.06.2026,PP260007,Forderung (Verfahrensvereinigung) Beschwerde gegen eine Verfügung des Einzelgeri,,0.0,https://www.gerichte-zh.ch/fileadmin/user_upload/entscheide/oeffentlich/PP260007-O2.pdf
17.06.2026,PP260008,Forderung (Verfahrensvereinigung) Beschwerde gegen eine Verfügung des Einzelgeri,,0.0,https://www.gerichte-zh.ch/fileadmin/user_upload/entscheide/oeffentlich/PP260008-O2.pdf
17.06.2026,PP260009,Forderung (Verfahrensvereinigung) Beschwerde gegen eine Verfügung des Einzelgeri,,0.0,https://www.gerichte-zh.ch/fileadmin/user_upload/entscheide/oeffentlich/PP260009-O2.pdf
17.06.2026,PC250009,Honorar Beschwerde gegen eine Verfügung des Einzelgerichtes des Bezirksgerich- t,,0.0,https://www.gerichte-zh.ch/fileadmin/user_upload/entscheide/oeffentlich/PC250009-O2.pdf
17.06.2026,SB250113,"qualifizierter Raub etc. Berufung gegen ein Urteil des Bezirksgerichtes Zürich, ",,0.0,https://www.gerichte-zh.ch/fileadmin/user_upload/entscheide/oeffentlich/SB250113-O1.pdf
17.06.2026,FP250010,Vorsorgliche Massnahmen bei Scheidungsverfahren im Ausland,,0.0,https://www.gerichte-zh.ch/fileadmin/user_upload/entscheide/oeffentlich/FP250010-G3.pdf
17.06.2026,SB240074,gewerbsmässigen Betrug etc. Berufung gegen ein Urteil des Bezirksgerichtes Züric,,0.0,https://www.gerichte-zh.ch/fileadmin/user_upload/entscheide/oeffentlich/SB240074-O1.pdf
17.06.2026,FE240178,Ehescheidung auf gemeinsames Begehren,,0.0,https://www.gerichte-zh.ch/fileadmin/user_upload/entscheide/oeffentlich/FE240178-D1.pdf
17.06.2026,EE240019,Eheschutz,,0.0,https://www.gerichte-zh.ch/fileadmin/user_upload/entscheide/oeffentlich/EE240019-B8.pdf
17.06.2026,FE240199,Ehescheidung (Art. 114 ZGB),,0.0,https://www.gerichte-zh.ch/fileadmin/user_upload/entscheide/oeffentlich/FE240199-G4.pdf
17.06.2026,DG230018,"Gefährdung des Lebens etc. Privatklägerschaft 1. B._____, 2. C._____, 3. D._____",,0.0,https://www.gerichte-zh.ch/fileadmin/user_upload/entscheide/oeffentlich/DG230018-M9.pdf
10.06.2026,MJ250016,Mängelbeseitigung / Herabsetzung Mietzins,,0.0,https://www.gerichte-zh.ch/fileadmin/user_upload/entscheide/oeffentlich/MJ250016-K2.pdf
10.06.2026,FV250036,Forderung/definitive Eintragung eines gesetzlichen Pfandrechts,,0.0,https://www.gerichte-zh.ch/fileadmin/user_upload/entscheide/oeffentlich/FV250036-G4.pdf
10.06.2026,SM250011,Antrag auf Verlägerung einer stationären Massnahme (Nachverfahren) Berufung gege,,0.0,https://www.gerichte-zh.ch/fileadmin/user_upload/entscheide/oeffentlich/SM250011-O1.pdf
10.06.2026,EE260030,Abänderung Eheschutzmassnahmen,,0.0,https://www.gerichte-zh.ch/fileadmin/user_upload/entscheide/oeffentlich/EE260030-C1.pdf
10.06.2026,EK260518,Konkurseröffnung (Betr. 1 / tt.mm.2025) Das Konkursgericht zieht in Betracht: Mi,,0.0,https://www.gerichte-zh.ch/fileadmin/user_upload/entscheide/oeffentlich/EK260518-L1.pdf
10.06.2026,AH240003,arbeitsrechtliche Forderung,,0.0,https://www.gerichte-zh.ch/fileadmin/user_upload/entscheide/oeffentlich/AH240003-G7.pdf
10.06.2026,LC250043,Ehescheidung / Ungültigkeit der Ehe Berufung gegen ein Urteil der 3. Abteilung d,,0.0,https://www.gerichte-zh.ch/fileadmin/user_upload/entscheide/oeffentlich/LC250043-O1.pdf
10.06.2026,PP260010,Forderung (Verfahrensvereinigung),,0.0,https://www.gerichte-zh.ch/fileadmin/user_upload/entscheide/oeffentlich/PP260010-O2.pdf
10.06.2026,PS260044,Konkurseröffnung Beschwerde gegen ein Urteil des Konkursgerichtes des Bezirksger,,0.0,https://www.gerichte-zh.ch/fileadmin/user_upload/entscheide/oeffentlich/PS260044-O2.pdf
10.06.2026,RT250258,Rechtsöffnung Beschwerde gegen eine Verfügung des Einzelgerichts Audienz am Bezi,,0.0,https://www.gerichte-zh.ch/fileadmin/user_upload/entscheide/oeffentlich/RT250258-O4.pdf
10.06.2026,GG250074,Qualifiziert grobe Verletzung der Verkehrsregeln,,0.0,https://www.gerichte-zh.ch/fileadmin/user_upload/entscheide/oeffentlich/GG250074-C2.pdf
10.06.2026,LZ250002,Unterhalt und weitere Kinderbelange Berufung gegen eine Verfügung des Einzelgeri,,0.0,https://www.gerichte-zh.ch/fileadmin/user_upload/entscheide/oeffentlich/LZ250002-O15.pdf
10.06.2026,HG240124,Aberkennung,,0.0,https://www.gerichte-zh.ch/fileadmin/user_upload/entscheide/oeffentlich/HG240124-O8.pdf
10.06.2026,LB250038,Erbschaftsklage Berufung gegen einen Beschluss der 2. Abteilung des Bezirksgeric,,0.0,https://www.gerichte-zh.ch/fileadmin/user_upload/entscheide/oeffentlich/LB250038-O3.pdf
10.06.2026,LE250005,Eheschutz (vorsorgliche Massnahmen) Berufung gegen eine Verfügung des Einzelgeri,,0.0,https://www.gerichte-zh.ch/fileadmin/user_upload/entscheide/oeffentlich/LE250005-O10.pdf
10.06.2026,RT260005,Rechtsöffnung Beschwerde gegen eine Vollstreckbarkeitsbescheinigung des Einzelge,,0.0,https://www.gerichte-zh.ch/fileadmin/user_upload/entscheide/oeffentlich/RT260005-O1.pdf
10.06.2026,FV250014,Forderung,,0.0,https://www.gerichte-zh.ch/fileadmin/user_upload/entscheide/oeffentlich/FV250014-G5.pdf
10.06.2026,FV250032,Forderung,,0.0,https://www.gerichte-zh.ch/fileadmin/user_upload/entscheide/oeffentlich/FV250032-G2.pdf
10.06.2026,FV250033,Forderung,,0.0,https://www.gerichte-zh.ch/fileadmin/user_upload/entscheide/oeffentlich/FV250033-G2.pdf
10.06.2026,FV250037,Forderung,,0.0,https://www.gerichte-zh.ch/fileadmin/user_upload/entscheide/oeffentlich/FV250037-G2.pdf
10.06.2026,FV250041,Forderung,,0.0,https://www.gerichte-zh.ch/fileadmin/user_upload/entscheide/oeffentlich/FV250041-G1.pdf
10.06.2026,LE240034,Eheschutz Berufung gegen ein Urteil des Einzelgerichts am Bezirksgericht Wintert,,0.0,https://www.gerichte-zh.ch/fileadmin/user_upload/entscheide/oeffentlich/LE240034-O13.pdf
10.06.2026,AH240003,arbeitsrechtliche Forderung,,0.0,https://www.gerichte-zh.ch/fileadmin/user_upload/entscheide/oeffentlich/AH240003-G7.pdf
10.06.2026,SB240546,vorsätzliche Verletzung der Fürsorge- und Erziehungspflicht etc. Berufung gegen ,,0.0,https://www.gerichte-zh.ch/fileadmin/user_upload/entscheide/oeffentlich/SB240546-O2.pdf
10.06.2026,XA250003,Akteneinsicht,,0.0,https://www.gerichte-zh.ch/fileadmin/user_upload/entscheide/oeffentlich/XA250003-O2.pdf
10.06.2026,RS250017,Kinderbelange Antrag betreffend Aufschub der Vollstreckbarkeit der Verfügung des,,0.0,https://www.gerichte-zh.ch/fileadmin/user_upload/entscheide/oeffentlich/RS250017-O4.pdf
10.06.2026,SB230240,schwere Körperverletzung etc. und Widerruf,,0.0,https://www.gerichte-zh.ch/fileadmin/user_upload/entscheide/oeffentlich/SB230240-O1.pdf
10.06.2026,GG250027,Pornografie,,0.0,https://www.gerichte-zh.ch/fileadmin/user_upload/entscheide/oeffentlich/GG250027-C2.pdf
10.06.2026,FV250004,Forderung,,0.0,https://www.gerichte-zh.ch/fileadmin/user_upload/entscheide/oeffentlich/FV250004-G3.pdf
10.06.2026,EE250017,Eheschutz,,0.0,https://www.gerichte-zh.ch/fileadmin/user_upload/entscheide/oeffentlich/EE250017-C2.pdf
10.06.2026,GG240110,mehrfacher unrechtmässiger Bezug von Leistungen einer Sozial- versicherung oder ,,0.0,https://www.gerichte-zh.ch/fileadmin/user_upload/entscheide/oeffentlich/GG240110-C2.pdf
10.06.2026,GG240306,"Bandenmässiger Diebstahl und rechtswidrige Einreise Privatkläger 1. B._____, 2. ",,0.0,https://www.gerichte-zh.ch/fileadmin/user_upload/entscheide/oeffentlich/GG240306-L1.pdf
03.06.2026,LF260010,Rechtsschutz in klaren Fällen (Ausweisung) / Gesuch um Wiederherstellung der Fri,,0.0,https://www.gerichte-zh.ch/fileadmin/user_upload/entscheide/oeffentlich/LF260010-O2.pdf
03.06.2026,LF260012,vorsorgliche Massnahmen Berufung gegen eine Verfügung des Einzelgerichtes Audien,,0.0,https://www.gerichte-zh.ch/fileadmin/user_upload/entscheide/oeffentlich/LF260012-O2.pdf
03.06.2026,GB260001,"Üble Nachrede etc. (Einsprache gegen den Strafbefehl vom 29. September 2025, Unt",,0.0,https://www.gerichte-zh.ch/fileadmin/user_upload/entscheide/oeffentlich/GB260001-G2.pdf
03.06.2026,FE250181,Ehescheidung (Art. 112 ZGB),,0.0,https://www.gerichte-zh.ch/fileadmin/user_upload/entscheide/oeffentlich/FE250181-G2.pdf
03.06.2026,LY260007,Abänderung Scheidungsurteil (vorsorgliche Massnahmen) Berufung gegen eine Verfüg,,0.0,https://www.gerichte-zh.ch/fileadmin/user_upload/entscheide/oeffentlich/LY260007-O1.pdf
03.06.2026,GC250012,Festhalten am Strafbefehl im Sinne von Art. 355 Abs. 3 lit. a StPO,,0.0,https://www.gerichte-zh.ch/fileadmin/user_upload/entscheide/oeffentlich/GC250012-M3.pdf
03.06.2026,LF260006,Organisationsmangel Berufung gegen ein Urteil des Einzelgerichtes im summarische,,0.0,https://www.gerichte-zh.ch/fileadmin/user_upload/entscheide/oeffentlich/LF260006-O2.pdf
03.06.2026,RB260008,Ausschlussklage i.S.v. Art. 649b ZGB / Rechtsverweigerung / Rechtsverzögerung Be,,0.0,https://www.gerichte-zh.ch/fileadmin/user_upload/entscheide/oeffentlich/RB260008-O1.pdf
03.06.2026,LZ250035,Kinderbelange (Abänderung vorsorgliche Massnahmen) Berufung gegen eine Verfügung,,0.0,https://www.gerichte-zh.ch/fileadmin/user_upload/entscheide/oeffentlich/LZ250035-O3.pdf
03.06.2026,GC260001,Einsprache gegen den Strafbefehl Nr. ST.2024.2544 des Statthalteramtes Bezirk Me,,0.0,https://www.gerichte-zh.ch/fileadmin/user_upload/entscheide/oeffentlich/GC260001-G2.pdf
03.06.2026,GG250041,"Drohung, Sachentziehung, Sachbeschädigung, Hausfriedensbruch, Beschimpfung, Tätl",,0.0,https://www.gerichte-zh.ch/fileadmin/user_upload/entscheide/oeffentlich/GG250041-G3.pdf
03.06.2026,SB250213,versuchte Vergewaltigung etc. (Rückweisung des Schweizerischen Bundesgerichtes) ,,0.0,https://www.gerichte-zh.ch/fileadmin/user_upload/entscheide/oeffentlich/SB250213-O1.pdf
03.06.2026,GC250013,Einsprache gegen den Strafbefehl Nr. ST.2025.106 des Statthalteramtes Bezirk Mei,,0.0,https://www.gerichte-zh.ch/fileadmin/user_upload/entscheide/oeffentlich/GC250013-G1.pdf
03.06.2026,PS260034,Konkurseröffnung Beschwerde gegen ein Urteil des Konkursgerichtes des Bezirksger,,0.0,https://www.gerichte-zh.ch/fileadmin/user_upload/entscheide/oeffentlich/PS260034-O2.pdf
03.06.2026,MH250002,Forderung,,0.0,https://www.gerichte-zh.ch/fileadmin/user_upload/entscheide/oeffentlich/MH250002-K4.pdf
03.06.2026,LE250061,Eheschutz Berufung gegen ein Urteil des Einzelgerichts am Bezirksgericht Bülach ,,0.0,https://www.gerichte-zh.ch/fileadmin/user_upload/entscheide/oeffentlich/LE250061-O2.pdf
03.06.2026,SB250082,mehrfaches Verbrechen gegen das Betäubungsmittelgesetz etc. Berufung gegen ein U,,0.0,https://www.gerichte-zh.ch/fileadmin/user_upload/entscheide/oeffentlich/SB250082-O1.pdf
03.06.2026,FE250085,Ehescheidung (Art. 114 ZGB),,0.0,https://www.gerichte-zh.ch/fileadmin/user_upload/entscheide/oeffentlich/FE250085-G3.pdf
03.06.2026,SB250002,Gewalt und Drohung gegen Behörden und Beamte etc. und Widerruf Berufung gegen ei,,0.0,https://www.gerichte-zh.ch/fileadmin/user_upload/entscheide/oeffentlich/SB250002-O1.pdf
03.06.2026,DA250004,Nichtbefolgung von Weisungen,,0.0,https://www.gerichte-zh.ch/fileadmin/user_upload/entscheide/oeffentlich/DA250004-K4.pdf
03.06.2026,GC250014,Einsprache gegen den Strafbefehl Nr. ST.2025.1563 des Statthalteramtes Bezirk Me,,0.0,https://www.gerichte-zh.ch/fileadmin/user_upload/entscheide/oeffentlich/GC250014-G1.pdf
03.06.2026,HG240087,Forderung,,0.0,https://www.gerichte-zh.ch/fileadmin/user_upload/entscheide/oeffentlich/HG240087-O8.pdf
03.06.2026,GG250021,"Drohung etc. Privatkläger 1. B._____, 2. C._____",,0.0,https://www.gerichte-zh.ch/fileadmin/user_upload/entscheide/oeffentlich/GG250021-M3.pdf
03.06.2026,PD250012,Forderung aus Mietvertrag / Kosten- und Entschädigungsfolgen Beschwerde gegen ei,,0.0,https://www.gerichte-zh.ch/fileadmin/user_upload/entscheide/oeffentlich/PD250012-O1.pdf
03.06.2026,SB240507,mehrfache sexuelle Handlungen mit Kindern etc. Berufung gegen ein Urteil des Bez,,0.0,https://www.gerichte-zh.ch/fileadmin/user_upload/entscheide/oeffentlich/SB240507-O1.pdf
03.06.2026,FP230023,Abänderung Scheidungsurteil,,0.0,https://www.gerichte-zh.ch/fileadmin/user_upload/entscheide/oeffentlich/FP230023-C5.pdf
03.06.2026,FE230363,Ehescheidung,,0.0,https://www.gerichte-zh.ch/fileadmin/user_upload/entscheide/oeffentlich/FE230363-C8.pdf
03.06.2026,GG240303,"Diebstahl etc. Privatkläger 1. B._____, 2. C._____,",,0.0,https://www.gerichte-zh.ch/fileadmin/user_upload/entscheide/oeffentlich/GG240303-L1.pdf
03.06.2026,GG240304,"bandenmässiger Diebstahl und rechtswidrige Einreise Privatkläger 1. B._____, 2. ",,0.0,https://www.gerichte-zh.ch/fileadmin/user_upload/entscheide/oeffentlich/GG240304-L1.pdf
03.06.2026,GG240305,"Bandenmässiger Diebstahl und rechtswidrige Einreise Privatkläger 1. B._____, 2. ",,0.0,https://www.gerichte-zh.ch/fileadmin/user_upload/entscheide/oeffentlich/GG240305-L1.pdf
03.06.2026,GG240307,"Bandenmässiger Diebstahl Privatkläger 1. B._____, 2. C._____, 3. D._____, 4. E._",,0.0,https://www.gerichte-zh.ch/fileadmin/user_upload/entscheide/oeffentlich/GG240307-L1.pdf
03.06.2026,FK230045,"Obhut, Besuchsrecht, Unterhalt etc.",,0.0,https://www.gerichte-zh.ch/fileadmin/user_upload/entscheide/oeffentlich/FK230045-C5.pdf
03.06.2026,CG240019,Forderung,,0.0,https://www.gerichte-zh.ch/fileadmin/user_upload/entscheide/oeffentlich/CG240019-G5.pdf
03.06.2026,GG200023,Ehrverletzung (Revision),,0.0,https://www.gerichte-zh.ch/fileadmin/user_upload/entscheide/oeffentlich/GG200023-G3.pdf
27.05.2026,PS260135,Konkurseröffnung Beschwerde gegen ein Urteil des Einzelgerichtes des Bezirksgeri,,0.0,https://www.gerichte-zh.ch/fileadmin/user_upload/entscheide/oeffentlich/PS260135-O2.pdf
27.05.2026,GB260008,Drohung etc. / Einsprache gegen Strafbefehl bzw. nachträgliche Auferlegung von K,,0.0,https://www.gerichte-zh.ch/fileadmin/user_upload/entscheide/oeffentlich/GB260008-K2.pdf
27.05.2026,FV250018,Forderung,,0.0,https://www.gerichte-zh.ch/fileadmin/user_upload/entscheide/oeffentlich/FV250018-E4.pdf
27.05.2026,DA250005,Rückversetzung in den Strafvollzug nach Art. 89 Abs. 3 StGB i.V.m. Art. 95 Abs. ,,0.0,https://www.gerichte-zh.ch/fileadmin/user_upload/entscheide/oeffentlich/DA250005-K4.pdf
27.05.2026,DH250045,Qualifiziert grobe Verletzung der Verkehrsregeln und Widerruf,,0.0,https://www.gerichte-zh.ch/fileadmin/user_upload/entscheide/oeffentlich/DH250045-K1.pdf
27.05.2026,PS260045,Konkurseröffnung Beschwerde gegen ein Urteil des Konkursgerichtes des Bezirksger,,0.0,https://www.gerichte-zh.ch/fileadmin/user_upload/entscheide/oeffentlich/PS260045-O2.pdf
27.05.2026,RT260007,Rechtsöffnung Beschwerde gegen ein Urteil des Einzelgerichts am Bezirksgericht M,,0.0,https://www.gerichte-zh.ch/fileadmin/user_upload/entscheide/oeffentlich/RT260007-O2.pdf
27.05.2026,RA240015,arbeitsrechtliche Forderung (Sistierung) Beschwerde gegen eine Verfügung des Arb,,0.0,https://www.gerichte-zh.ch/fileadmin/user_upload/entscheide/oeffentlich/RA240015-O10.pdf
27.05.2026,DA250010,Stationäre therapeutische Massnahme gemäss Art. 59 StGB / Verlängerung der stati,,0.0,https://www.gerichte-zh.ch/fileadmin/user_upload/entscheide/oeffentlich/DA250010-K2.pdf
27.05.2026,RB250010,Stockwerkeigentum (Rechtsverweigerung) Beschwerde gegen einen Beschluss des Bezi,,0.0,https://www.gerichte-zh.ch/fileadmin/user_upload/entscheide/oeffentlich/RB250010-O4.pdf
27.05.2026,SB250184,mehrfache sexuelle Handlungen mit Kindern etc. Berufung gegen ein Urteil des Bez,,0.0,https://www.gerichte-zh.ch/fileadmin/user_upload/entscheide/oeffentlich/SB250184-O1.pdf
27.05.2026,SU250003,Übertretung von Verkehrsvorschriften Berufung gegen ein Urteil des Bezirksgerich,,0.0,https://www.gerichte-zh.ch/fileadmin/user_upload/entscheide/oeffentlich/SU250003-O1.pdf
27.05.2026,FE250245,Ehescheidung,,0.0,https://www.gerichte-zh.ch/fileadmin/user_upload/entscheide/oeffentlich/FE250245-F1.pdf
27.05.2026,EP250003,Bereinigung Personalien,,0.0,https://www.gerichte-zh.ch/fileadmin/user_upload/entscheide/oeffentlich/EP250003-E9.pdf
27.05.2026,RT250022,Rechtsöffnung Beschwerde gegen ein Urteil des Einzelgerichts Audienz am Bezirksg,,0.0,https://www.gerichte-zh.ch/fileadmin/user_upload/entscheide/oeffentlich/RT250022-O4.pdf
27.05.2026,DH250038,qualifiziert grobe Verletzung der Verkehrsregeln,,0.0,https://www.gerichte-zh.ch/fileadmin/user_upload/entscheide/oeffentlich/DH250038-K1.pdf
27.05.2026,FE240011,Ehescheidung auf Klage,,0.0,https://www.gerichte-zh.ch/fileadmin/user_upload/entscheide/oeffentlich/FE240011-D5.pdf
27.05.2026,SB250022,"Drohung etc. Berufung gegen ein Urteil des Bezirksgerichtes Zürich, 10. Abteilun",,0.0,https://www.gerichte-zh.ch/fileadmin/user_upload/entscheide/oeffentlich/SB250022-O1.pdf
27.05.2026,GB250011,Einsprache gegen Strafbefehl (Nötigung),,0.0,https://www.gerichte-zh.ch/fileadmin/user_upload/entscheide/oeffentlich/GB250011-I3.pdf
27.05.2026,SB240459,Gefährdung des Lebens etc. und Widerruf Berufung gegen ein Urteil des Bezirksger,,0.0,https://www.gerichte-zh.ch/fileadmin/user_upload/entscheide/oeffentlich/SB240459-O1.pdf
27.05.2026,AH250001,Forderung,,0.0,https://www.gerichte-zh.ch/fileadmin/user_upload/entscheide/oeffentlich/AH250001-E3.pdf
27.05.2026,DG250058,Raub etc. und Widerruf,,0.0,https://www.gerichte-zh.ch/fileadmin/user_upload/entscheide/oeffentlich/DG250058-L1.pdf
27.05.2026,FE230181,Ehescheidung,,0.0,https://www.gerichte-zh.ch/fileadmin/user_upload/entscheide/oeffentlich/FE230181-L21.pdf
27.05.2026,GG250041,"Raub etc. Privatkläger B._____,",,0.0,https://www.gerichte-zh.ch/fileadmin/user_upload/entscheide/oeffentlich/GG250041-L1.pdf
27.05.2026,GG250042,"Raub und Widerruf Privatkläger B._____,",,0.0,https://www.gerichte-zh.ch/fileadmin/user_upload/entscheide/oeffentlich/GG250042-L1.pdf
27.05.2026,EE240162,Eheschutz/Getrenntleben,,0.0,https://www.gerichte-zh.ch/fileadmin/user_upload/entscheide/oeffentlich/EE240162-L6.pdf
27.05.2026,GG240226,"Gewalt und Drohung gegen Behörden und Beamte etc. Privatkläger 1. B._____, 2. Am",,0.0,https://www.gerichte-zh.ch/fileadmin/user_upload/entscheide/oeffentlich/GG240226-L1.pdf
27.05.2026,FK230001,Kindesunterhalt und weitere Kinderbelange / vorsorgliche Mass- nahmen,,0.0,https://www.gerichte-zh.ch/fileadmin/user_upload/entscheide/oeffentlich/FK230001-F14.pdf
27.05.2026,CG230074,Forderung,,0.0,https://www.gerichte-zh.ch/fileadmin/user_upload/entscheide/oeffentlich/CG230074-L11.pdf
27.05.2026,GG240197,"Versuchte Nötigung etc. Privatklägerin B._____, vertreten durch Rechtsanwältin l",,0.0,https://www.gerichte-zh.ch/fileadmin/user_upload/entscheide/oeffentlich/GG240197-L3.pdf
27.05.2026,FP230012,Abänderung Scheidungsurteil,,0.0,https://www.gerichte-zh.ch/fileadmin/user_upload/entscheide/oeffentlich/FP230012-F7.pdf
27.05.2026,DG250026,mehrfache Nötigung etc. - Antrag auf Anordnung einer statio- nären Massnahme für,,0.0,https://www.gerichte-zh.ch/fileadmin/user_upload/entscheide/oeffentlich/DG250026-L1.pdf
27.05.2026,GG250022,Pornografie,,0.0,https://www.gerichte-zh.ch/fileadmin/user_upload/entscheide/oeffentlich/GG250022-L1.pdf
27.05.2026,GG240272,Mehrfache Pornografie etc.,,0.0,https://www.gerichte-zh.ch/fileadmin/user_upload/entscheide/oeffentlich/GG240272-L1.pdf
27.05.2026,GG250012,qualifiziert grobe Verletzung der Verkehrsregeln etc.,,0.0,https://www.gerichte-zh.ch/fileadmin/user_upload/entscheide/oeffentlich/GG250012-L1.pdf
27.05.2026,FE240408,Ergänzung Scheidungsurteil,,0.0,https://www.gerichte-zh.ch/fileadmin/user_upload/entscheide/oeffentlich/FE240408-K2.pdf
27.05.2026,EE210228,Eheschutz/Getrenntleben/Anordnung Gütertrennung,,0.0,https://www.gerichte-zh.ch/fileadmin/user_upload/entscheide/oeffentlich/EE210228-L14.pdf
27.05.2026,DG200029,"Gefährdung des Lebens etc. und Widerruf Privatkläger 1. Kanton Zürich, 2. Gemein",,0.0,https://www.gerichte-zh.ch/fileadmin/user_upload/entscheide/oeffentlich/DG200029-M2.pdf
27.05.2026,GG200004,"Ehrverletzung (üble Nachrede, Beschimpfung)",,0.0,https://www.gerichte-zh.ch/fileadmin/user_upload/entscheide/oeffentlich/GG200004-I2.pdf
27.05.2026,FV140049,Forderung,,0.0,https://www.gerichte-zh.ch/fileadmin/user_upload/entscheide/oeffentlich/FV140049-M4.pdf
20.05.2026,PQ260021,Beistandsperson in den Beistandschaften Beschwerde gegen einen Entscheid der Kam,,0.0,https://www.gerichte-zh.ch/fileadmin/user_upload/entscheide/oeffentlich/PQ260021-O1.pdf
20.05.2026,PS260104,Konkurseröffnung Beschwerde gegen ein Urteil des Einzelgerichtes des Bezirksgeri,,0.0,https://www.gerichte-zh.ch/fileadmin/user_upload/entscheide/oeffentlich/PS260104-O2.pdf
20.05.2026,PQ260002,Kindesschutzmassnahmen Beschwerde gegen einen Entscheid des Bezirksrates Dietiko,,0.0,https://www.gerichte-zh.ch/fileadmin/user_upload/entscheide/oeffentlich/PQ260002-O1.pdf
20.05.2026,SM240009,Anordnung einer stationären therapeutischen Massnahme (Nachverfahren) Berufung g,,0.0,https://www.gerichte-zh.ch/fileadmin/user_upload/entscheide/oeffentlich/SM240009-O1.pdf
13.05.2026,PS260066,Konkurseröffnung Beschwerde gegen ein Urteil des Konkursgerichtes des Bezirksger,,0.0,https://www.gerichte-zh.ch/fileadmin/user_upload/entscheide/oeffentlich/PS260066-O2.pdf
13.05.2026,HE250130,Organisationsmangel,,0.0,https://www.gerichte-zh.ch/fileadmin/user_upload/entscheide/oeffentlich/HE250130-O6.pdf
13.05.2026,LF250122,"Testamentseröffnung im Nachlass von C._____, geboren tt. August 1949, von Zürich",,0.0,https://www.gerichte-zh.ch/fileadmin/user_upload/entscheide/oeffentlich/LF250122-O1.pdf
13.05.2026,VB260004,Aufsichtsbeschwerde gegen den aufsichtsrechtlichen Beschwerdeentscheid des Bezir,,0.0,https://www.gerichte-zh.ch/fileadmin/user_upload/entscheide/oeffentlich/VB260004-O1.pdf
13.05.2026,HE250108,Gerichtliche Anordnung von Einsicht (Art. 697b OR),,0.0,https://www.gerichte-zh.ch/fileadmin/user_upload/entscheide/oeffentlich/HE250108-O5.pdf
13.05.2026,EE240147,Eheschutz/Getrenntleben weitere Verfahrensbeteiligte (gemeinsame Kinder): 1. C._,,0.0,https://www.gerichte-zh.ch/fileadmin/user_upload/entscheide/oeffentlich/EE240147-L15.pdf
13.05.2026,DG240035,Diebstahl etc.,,0.0,https://www.gerichte-zh.ch/fileadmin/user_upload/entscheide/oeffentlich/DG240035-M5.pdf
13.05.2026,DG240050,Verbrechen gegen das Betäubungsmittelgesetz etc. und Widerruf,,0.0,https://www.gerichte-zh.ch/fileadmin/user_upload/entscheide/oeffentlich/DG240050-L10.pdf
13.05.2026,DG240009,Qualifizierte grobe Verletzung der Verkehrsregeln etc.,,0.0,https://www.gerichte-zh.ch/fileadmin/user_upload/entscheide/oeffentlich/DG240009-F2.pdf
13.05.2026,EP240021,Bereinigung des Zivilstandsregisters,,0.0,https://www.gerichte-zh.ch/fileadmin/user_upload/entscheide/oeffentlich/EP240021-L4.pdf
13.05.2026,EE220282,Eheschutz/Getrenntleben,,0.0,https://www.gerichte-zh.ch/fileadmin/user_upload/entscheide/oeffentlich/EE220282-L3.pdf
13.05.2026,EE240218,Eheschutz/Getrenntleben,,0.0,https://www.gerichte-zh.ch/fileadmin/user_upload/entscheide/oeffentlich/EE240218-L2.pdf
13.05.2026,GG240270,Verbrechen gegen das Betäubungsmittelgesetz etc.,,0.0,https://www.gerichte-zh.ch/fileadmin/user_upload/entscheide/oeffentlich/GG240270-L1.pdf
13.05.2026,GG230004,Gewalt und Drohung gegen Behörden und Beamte,,0.0,https://www.gerichte-zh.ch/fileadmin/user_upload/entscheide/oeffentlich/GG230004-M4.pdf
06.05.2026,PS260067,Konkurseröffnung Beschwerde gegen ein Urteil des Konkursgerichtes des Bezirksger,,0.0,https://www.gerichte-zh.ch/fileadmin/user_upload/entscheide/oeffentlich/PS260067-O2.pdf
06.05.2026,PS260056,Konkurseröffnung Beschwerde gegen ein Urteil des Einzelgerichtes im summarischen,,0.0,https://www.gerichte-zh.ch/fileadmin/user_upload/entscheide/oeffentlich/PS260056-O2.pdf
06.05.2026,VV260003,Umteilung Prozess Nr. MO260057-L des Bezirksgerichts Zürich in Sachen A._____ ge,,0.0,https://www.gerichte-zh.ch/fileadmin/user_upload/entscheide/oeffentlich/VV260003-O2.pdf
06.05.2026,RU260006,Forderung (Rechtsverweigerung / Prozesskosten) Beschwerde gegen eine Klagebewill,,0.0,https://www.gerichte-zh.ch/fileadmin/user_upload/entscheide/oeffentlich/RU260006-O1.pdf
06.05.2026,PQ250072,Genehmigung der Rechenschaftsberichte in der Beistandschaft nach Art. 308 Abs. 1,,0.0,https://www.gerichte-zh.ch/fileadmin/user_upload/entscheide/oeffentlich/PQ250072-O2.pdf
06.05.2026,FP250012,Abänderung des Scheidungsurteils,,0.0,https://www.gerichte-zh.ch/fileadmin/user_upload/entscheide/oeffentlich/FP250012-D7.pdf
06.05.2026,RB250011,Stockwerkeigentum (Rechtsverweigerung) Beschwerde gegen einen Beschluss des Bezi,,0.0,https://www.gerichte-zh.ch/fileadmin/user_upload/entscheide/oeffentlich/RB250011-O4.pdf
06.05.2026,LZ250019,Kinderbelange (vorsorgliche Massnahmen) Berufung gegen eine Verfügung des Einzel,,0.0,https://www.gerichte-zh.ch/fileadmin/user_upload/entscheide/oeffentlich/LZ250019-O9.pdf
06.05.2026,SB250227,versuchte sexuelle Handlungen mit Kindern Berufung gegen ein Urteil des Bezirksg,,0.0,https://www.gerichte-zh.ch/fileadmin/user_upload/entscheide/oeffentlich/SB250227-O1.pdf
06.05.2026,SB250108,"Pornografie etc. Berufung gegen ein Urteil des Bezirksgerichtes Dielsdorf, Straf",,0.0,https://www.gerichte-zh.ch/fileadmin/user_upload/entscheide/oeffentlich/SB250108-O1.pdf
06.05.2026,HG200100,Forderung,,0.0,https://www.gerichte-zh.ch/fileadmin/user_upload/entscheide/oeffentlich/HG200100-O21.pdf
06.05.2026,SB240399,versuchte vorsätzliche Tötung etc. Berufung gegen ein Urteil des Bezirksgerichts,,0.0,https://www.gerichte-zh.ch/fileadmin/user_upload/entscheide/oeffentlich/SB240399-O1.pdf
06.05.2026,GB250046,Hausfriedensbruch etc. / Einsprache gegen den Strafbefehl der Staatsanwaltschaft,,0.0,https://www.gerichte-zh.ch/fileadmin/user_upload/entscheide/oeffentlich/GB250046-L1.pdf
06.05.2026,AH250001,Forderung (Arbeitsrecht),,0.0,https://www.gerichte-zh.ch/fileadmin/user_upload/entscheide/oeffentlich/AH250001-I3.pdf
06.05.2026,EE230073,Eheschutz,,0.0,https://www.gerichte-zh.ch/fileadmin/user_upload/entscheide/oeffentlich/EE230073-M16.pdf
29.04.2026,DH260004,qualifiziert grobe Verletzung der Verkehrsregeln (abgekürztes Verfahren),,0.0,https://www.gerichte-zh.ch/fileadmin/user_upload/entscheide/oeffentlich/DH260004-F1.pdf
29.04.2026,PS260001,Konkurseröffnung Beschwerde gegen ein Urteil des Einzelgerichtes in Konkurssache,,0.0,https://www.gerichte-zh.ch/fileadmin/user_upload/entscheide/oeffentlich/PS260001-O2.pdf
29.04.2026,LE250035,Eheschutz (vorsorgliche Massnahmen),,0.0,https://www.gerichte-zh.ch/fileadmin/user_upload/entscheide/oeffentlich/LE250035-O12.pdf
29.04.2026,SB250167,mehrfache qualifizierte Widerhandlung gegen das Betäubungsmit- telgesetz etc. Be,,0.0,https://www.gerichte-zh.ch/fileadmin/user_upload/entscheide/oeffentlich/SB250167-O1.pdf
29.04.2026,SM250009,Änderung der Massnahme (Nachverfahren) Berufung gegen ein Urteil des Bezirksgeri,,0.0,https://www.gerichte-zh.ch/fileadmin/user_upload/entscheide/oeffentlich/SM250009-O1.pdf
29.04.2026,SB220270,mehrfaches Verbrechen gegen das Betäubungsmittelgesetz etc. Berufung gegen ein U,,0.0,https://www.gerichte-zh.ch/fileadmin/user_upload/entscheide/oeffentlich/SB220270-O1.pdf
29.04.2026,PC250044,Ehescheidung (unentgeltliche Rechtspflege) Beschwerde gegen eine Verfügung des E,,0.0,https://www.gerichte-zh.ch/fileadmin/user_upload/entscheide/oeffentlich/PC250044-O2.pdf
29.04.2026,SB250008,einfache Körperverletzung etc. Berufung gegen ein Urteil des Bezirksgerichtes Zü,,0.0,https://www.gerichte-zh.ch/fileadmin/user_upload/entscheide/oeffentlich/SB250008-O1.pdf
29.04.2026,EE230050,Abänderung Eheschutz,,0.0,https://www.gerichte-zh.ch/fileadmin/user_upload/entscheide/oeffentlich/EE230050-F1.pdf
29.04.2026,FE210220,Ehescheidung,,0.0,https://www.gerichte-zh.ch/fileadmin/user_upload/entscheide/oeffentlich/FE210220-M20.pdf
22.04.2026,PS260092,Konkurseröffnung Beschwerde gegen ein Urteil des Konkursgerichtes des Bezirksger,,0.0,https://www.gerichte-zh.ch/fileadmin/user_upload/entscheide/oeffentlich/PS260092-O2.pdf
22.04.2026,PS260038,Konkurseröffnung Beschwerde gegen ein Urteil des Konkursgerichtes des Bezirksger,,0.0,https://www.gerichte-zh.ch/fileadmin/user_upload/entscheide/oeffentlich/PS260038-O2.pdf
22.04.2026,VV260002,Umteilung Prozess Nr. MO260056-L des Bezirksgerichts Zürich in Sachen A._____ un,,0.0,https://www.gerichte-zh.ch/fileadmin/user_upload/entscheide/oeffentlich/VV260002-O2.pdf
22.04.2026,VV260006,Umteilung Verfahren des Bezirksgerichts C._____ in Sachen A._____ GmbH gegen B._,,0.0,https://www.gerichte-zh.ch/fileadmin/user_upload/entscheide/oeffentlich/VV260006-O1.pdf
22.04.2026,RZ250012,Unterhalt und Kinderbelange (Ausstand) Beschwerde gegen eine Verfügung des Einze,,0.0,https://www.gerichte-zh.ch/fileadmin/user_upload/entscheide/oeffentlich/RZ250012-O5.pdf
22.04.2026,RT250235,Rechtsöffnung Beschwerde gegen eine Verfügung und ein Urteil des Einzelgerichts ,,0.0,https://www.gerichte-zh.ch/fileadmin/user_upload/entscheide/oeffentlich/RT250235-O2.pdf
22.04.2026,PS250404,verspäteter Rechtsvorschlag (Beschwerde über das Betreibungsamt Fällanden) Besch,,0.0,https://www.gerichte-zh.ch/fileadmin/user_upload/entscheide/oeffentlich/PS250404-O2.pdf
22.04.2026,FE250223,Ehescheidung,,0.0,https://www.gerichte-zh.ch/fileadmin/user_upload/entscheide/oeffentlich/FE250223-F1.pdf
22.04.2026,FE250268,Ehescheidung,,0.0,https://www.gerichte-zh.ch/fileadmin/user_upload/entscheide/oeffentlich/FE250268-F1.pdf
22.04.2026,FE250235,Ehescheidung,,0.0,https://www.gerichte-zh.ch/fileadmin/user_upload/entscheide/oeffentlich/FE250235-F1.pdf
22.04.2026,LF250123,Organisationsmangel Berufung gegen ein Urteil des Einzelgerichtes summarisches V,,0.0,https://www.gerichte-zh.ch/fileadmin/user_upload/entscheide/oeffentlich/LF250123-O2.pdf
22.04.2026,LA250007,arbeitsrechtliche Forderung Berufung gegen ein Urteil des Arbeitsgerichtes Bülac,,0.0,https://www.gerichte-zh.ch/fileadmin/user_upload/entscheide/oeffentlich/LA250007-O2.pdf
22.04.2026,LY250034,Ehescheidung (vorsorgliche Massnahmen) Berufung gegen eine Verfügung des Einzelg,,0.0,https://www.gerichte-zh.ch/fileadmin/user_upload/entscheide/oeffentlich/LY250034-O3.pdf
22.04.2026,RT250175,Rechtsöffnung Beschwerde gegen eine Verfügung des Einzelgerichts Audienz am Bezi,,0.0,https://www.gerichte-zh.ch/fileadmin/user_upload/entscheide/oeffentlich/RT250175-O4.pdf
22.04.2026,DG250034,sexuelle Nötigung (Anklage) sowie Gefährdung des Lebens etc. (Antrag stationäre ,,0.0,https://www.gerichte-zh.ch/fileadmin/user_upload/entscheide/oeffentlich/DG250034-L3.pdf
22.04.2026,FE180357,Ehescheidung,,0.0,https://www.gerichte-zh.ch/fileadmin/user_upload/entscheide/oeffentlich/FE180357-K38.pdf
22.04.2026,GG240100,"Drohung, Beschimpfung, Ungehorsam gegen amtliche Verfügungen Privatklägerinnen 1",,0.0,https://www.gerichte-zh.ch/fileadmin/user_upload/entscheide/oeffentlich/GG240100-K8.pdf
22.04.2026,GG240081,"Versuchte Tötung etc. Privatkläger B._____,",,0.0,https://www.gerichte-zh.ch/fileadmin/user_upload/entscheide/oeffentlich/GG240081-L1.pdf
15.04.2026,PS260084,Konkurseröffnung Beschwerde gegen ein Urteil des Konkursgerichtes des Bezirksger,,0.0,https://www.gerichte-zh.ch/fileadmin/user_upload/entscheide/oeffentlich/PS260084-O2.pdf
15.04.2026,PS260089,Konkurseröffnung Beschwerde gegen ein Urteil des Konkursgerichtes des Bezirksger,,0.0,https://www.gerichte-zh.ch/fileadmin/user_upload/entscheide/oeffentlich/PS260089-O1.pdf
15.04.2026,VW260002,Kostenerlass,,0.0,https://www.gerichte-zh.ch/fileadmin/user_upload/entscheide/oeffentlich/VW260002-O2.pdf
15.04.2026,PC250054,Ehescheidung (unentgeltliche Rechtsvertretung) Beschwerde gegen eine Verfügung d,,0.0,https://www.gerichte-zh.ch/fileadmin/user_upload/entscheide/oeffentlich/PC250054-O2.pdf
15.04.2026,LF250102,"Testamentseröffnung im Nachlass von D._____ geb. E._____, geboren am tt. Dezembe",,0.0,https://www.gerichte-zh.ch/fileadmin/user_upload/entscheide/oeffentlich/LF250102-O2.pdf
15.04.2026,RT250148,Rechtsöffnung Beschwerde gegen ein Urteil des Einzelgerichts Audienz am Bezirksg,,0.0,https://www.gerichte-zh.ch/fileadmin/user_upload/entscheide/oeffentlich/RT250148-O3.pdf
15.04.2026,RT250196,Rechtsöffnung Beschwerde gegen ein Urteil des Einzelgerichts am Bezirksgericht H,,0.0,https://www.gerichte-zh.ch/fileadmin/user_upload/entscheide/oeffentlich/RT250196-O3.pdf
15.04.2026,SB240442,versuchte vorsätzliche Tötung etc. und Widerruf (Rückweisung des Schweizerischen,,0.0,https://www.gerichte-zh.ch/fileadmin/user_upload/entscheide/oeffentlich/SB240442-O2.pdf
15.04.2026,RT250201,Rechtsöffnung Beschwerde gegen ein Urteil des Einzelgerichts am Bezirksgericht B,,0.0,https://www.gerichte-zh.ch/fileadmin/user_upload/entscheide/oeffentlich/RT250201-O2.pdf
15.04.2026,SB230241,"Dispositivziffer 6) in Sachen Staatsanwaltschaft I des Kantons Zürich, Anklägeri",,0.0,https://www.gerichte-zh.ch/fileadmin/user_upload/entscheide/oeffentlich/SB230241-O1.pdf
15.04.2026,DG230002,"versuchte vorsätzliche Tötung etc./Widerruf Privatklägerin B._____, vertreten du",,0.0,https://www.gerichte-zh.ch/fileadmin/user_upload/entscheide/oeffentlich/DG230002-D10.pdf
15.04.2026,DG190334,"qualifizierte sexuelle Nötigung etc. und Widerruf Privatkläger 1. B._____ AG, 2.",,0.0,https://www.gerichte-zh.ch/fileadmin/user_upload/entscheide/oeffentlich/DG190334-L1.pdf
01.04.2026,PS250345,Überschuldungsanzeige Beschwerde gegen ein Urteil des Einzelgerichtes des Bezirk,,0.0,https://www.gerichte-zh.ch/fileadmin/user_upload/entscheide/oeffentlich/PS250345-O4.pdf
01.04.2026,PS250428,Konkurseröffnung Beschwerde gegen ein Urteil des Konkursgerichtes des Bezirksger,,0.0,https://www.gerichte-zh.ch/fileadmin/user_upload/entscheide/oeffentlich/PS250428-O3.pdf
01.04.2026,RA240017,Forderung (Kostenvorschuss) Beschwerde gegen eine Verfügung des Einzelgerichts a,,0.0,https://www.gerichte-zh.ch/fileadmin/user_upload/entscheide/oeffentlich/RA240017-O3.pdf
01.04.2026,LY250027,Ehescheidung auf Klage (vorsorgliche Massnahmen),,0.0,https://www.gerichte-zh.ch/fileadmin/user_upload/entscheide/oeffentlich/LY250027-O2.pdf
01.04.2026,RZ250008,Abänderung Unterhalt (unentgeltliche Rechtspflege) Beschwerde gegen eine Verfügu,,0.0,https://www.gerichte-zh.ch/fileadmin/user_upload/entscheide/oeffentlich/RZ250008-O2.pdf
01.04.2026,PS250416,Konkurseröffnung Beschwerde gegen ein Urteil des Konkursgerichtes des Bezirksger,,0.0,https://www.gerichte-zh.ch/fileadmin/user_upload/entscheide/oeffentlich/PS250416-O2.pdf
01.04.2026,LE250058,Eheschutz (superprovisorische vorsorgliche Massnahmen) Berufung gegen eine Verfü,,0.0,https://www.gerichte-zh.ch/fileadmin/user_upload/entscheide/oeffentlich/LE250058-O1.pdf
01.04.2026,RT250140,Rechtsöffnung (Fristansetzung) Beschwerde gegen eine Verfügung des Einzelgericht,,0.0,https://www.gerichte-zh.ch/fileadmin/user_upload/entscheide/oeffentlich/RT250140-O3.pdf
01.04.2026,SB250350,Gewalt und Drohung gegen Behörden und Beamte etc. Berufung gegen ein Urteil des ,,0.0,https://www.gerichte-zh.ch/fileadmin/user_upload/entscheide/oeffentlich/SB250350-O1.pdf
01.04.2026,LE240027,Eheschutz (vorsorgliche Massnahmen) Berufung gegen eine Verfügung des Einzelgeri,,0.0,https://www.gerichte-zh.ch/fileadmin/user_upload/entscheide/oeffentlich/LE240027-O20.pdf
01.04.2026,LE250014,Eheschutz Berufung gegen ein Urteil des Einzelgerichts am Bezirksgericht Horgen ,,0.0,https://www.gerichte-zh.ch/fileadmin/user_upload/entscheide/oeffentlich/LE250014-O6.pdf
01.04.2026,LB240020,"Forderung Berufung gegen ein Urteil des Bezirksgerichts Zürich, 3. Abteilung, vo",,0.0,https://www.gerichte-zh.ch/fileadmin/user_upload/entscheide/oeffentlich/LB240020-O4.pdf
01.04.2026,SB230242,schwere Körperverletzung etc.,,0.0,https://www.gerichte-zh.ch/fileadmin/user_upload/entscheide/oeffentlich/SB230242-O1.pdf
01.04.2026,FE230114,Scheidung auf Klage,,0.0,https://www.gerichte-zh.ch/fileadmin/user_upload/entscheide/oeffentlich/FE230114-A8.pdf
